City,month,PM2.5,PM10,NO,NO2,NOx,NH3,CO,SO2,O3,Benzene,Toluene,Xylene,AQI,Xylene_missing,year
Ahmedabad,1,77.7198969072165,113.56741935483872,28.59951219512195,67.71112903225807,50.715725806451616,,28.59951219512195,66.91661290322581,44.13715447154471,5.236645161290323,27.71567741935484,4.339838709677419,346.1720430107527,0.16666666666666666,2017.5
Ahmedabad,2,87.43183486238532,144.90793103448274,32.89752293577982,80.98844036697247,63.28036697247707,,32.89752293577982,72.03509259259259,46.12814814814815,3.7628467153284673,25.496350364963504,4.003882352941177,447.8941176470588,0.19411764705882353,2017.5058823529412
Ahmedabad,3,79.91113821138211,108.04935483870968,21.022845528455285,63.08943089430894,46.234552845528455,,21.022845528455285,60.44845528455284,46.16008474576272,6.564166666666667,31.37013888888889,4.054139784946237,380.1290322580645,0.22580645161290322,2017.5
Ahmedabad,4,77.51686440677966,81.426,15.10822033898305,43.613644067796606,35.3593220338983,,14.546694915254237,40.593474576271184,41.00957264957265,4.7995762711864405,24.28737288135593,3.4743333333333335,295.30555555555554,0.34444444444444444,2017.5
Ahmedabad,5,51.90413223140496,98.69979591836734,10.279416666666666,36.08358333333333,27.259838709677418,,9.545,64.85094736842106,40.12815789473684,6.4612096774193555,29.923145161290325,3.2641397849462366,216.39247311827958,0.3333333333333333,2017.5
Ahmedabad,6,44.581707317073175,120.53999999999999,15.855645161290324,54.72959677419355,43.12104838709678,,14.485241935483872,32.719349593495934,34.95964285714286,6.493333333333333,46.74048780487805,3.142,230.27777777777777,0.32222222222222224,2017.5
Ahmedabad,7,48.06637096774193,117.01413793103448,20.68935483870968,50.37016129032258,46.08056451612903,,20.655967741935484,30.04225806451613,19.331844660194175,3.8788709677419355,31.891774193548386,0.9842307692307691,301.44871794871796,0.20512820512820512,2017.0192307692307
Ahmedabad,8,43.70024390243903,137.3009677419355,22.106747967479677,34.107723577235774,41.95528455284553,,22.106747967479677,37.134878048780486,24.47434782608696,3.300082644628099,16.751322314049585,0.9641290322580645,326.3032258064516,0.21935483870967742,2017.0
Ahmedabad,9,37.74026315789474,86.39777777777778,19.71217391304348,48.910347826086955,45.59121739130435,,19.71217391304348,39.718347826086955,29.750531914893617,1.870940170940171,13.058034188034188,0.8394666666666667,304.49333333333334,0.22,2017.0
Ahmedabad,10,96.93233576642335,146.73225806451612,28.594651162790697,72.98852713178294,61.13810218978102,,28.594651162790697,65.20653543307087,46.52711111111111,5.531021897810219,20.71788321167883,4.619161290322581,462.01935483870966,0.11612903225806452,2017.0
Ahmedabad,11,99.54232323232324,111.90033333333334,36.14151515151515,100.28555555555556,71.17029702970297,,36.14151515151515,98.32072916666668,45.796451612903226,10.181811023622046,31.481889763779527,7.092933333333334,488.23333333333335,0.15333333333333332,2017.0
Ahmedabad,12,76.62344086021506,109.82806451612903,20.52924731182796,64.92752688172044,38.38462365591398,,20.52924731182796,70.68752688172043,49.49391304347826,6.795858585858586,33.884040404040405,4.543354838709678,313.3483870967742,0.36129032258064514,2017.0
Aizawl,3,38.94380952380953,47.474761904761905,4.083809523809524,0.8204761904761905,5.777142857142857,25.715714285714284,0.4585714285714285,5.827142857142857,6.075238095238095,6.127142857142856,6.561904761904763,0.9799999999999999,67.85714285714286,1.0,2020.0
Aizawl,4,20.974666666666668,27.434666666666665,8.028,0.29,10.735000000000001,21.877666666666666,0.29333333333333333,6.852666666666666,5.241428571428571,5.7636666666666665,6.161333333333333,0.98,39.233333333333334,1.0,2020.0
Aizawl,5,11.48967741935484,16.229032258064517,11.72967741935484,0.35612903225806447,15.791290322580647,19.585483870967742,0.27516129032258063,9.341935483870968,1.6603333333333334,10.134482758620688,10.74655172413793,0.98,24.193548387096776,1.0,2020.0
Aizawl,6,3.3464285714285715,9.897241379310344,12.048333333333334,0.22866666666666668,15.898666666666665,23.266333333333332,0.169,7.136666666666667,2.419166666666667,20.323888888888888,20.55277777777778,0.98,24.1,1.0,2020.0
Aizawl,7,4.49,5.39,11.44,0.07,15.11,19.41,0.02,2.07,3.39,,,0.98,20.0,1.0,2020.0
Amaravati,1,72.91182795698924,121.2862365591398,5.891182795698925,43.35387096774193,27.853440860215052,18.113655913978494,0.5551612903225807,17.52258064516129,45.4963440860215,0.2779569892473118,2.690215053763441,0.1596774193548387,159.69892473118279,0.053763440860215055,2019.0
Amaravati,2,44.60070588235294,90.88282352941177,5.7829411764705885,22.833764705882356,16.82164705882353,15.656823529411763,0.6462650602409639,14.145176470588234,35.18858823529412,0.18870588235294117,1.498,0.25070588235294117,95.85882352941177,0.1411764705882353,2019.0117647058823
Amaravati,3,28.978817204301077,63.48086021505377,3.945698924731183,11.631505376344085,9.415161290322581,10.638279569892473,0.5817204301075269,14.149247311827958,27.975161290322582,0.4475268817204301,2.016774193548387,0.36376344086021506,71.27956989247312,0.17204301075268819,2019.0
Amaravati,4,18.501444444444445,49.01222222222223,2.5354444444444444,7.948555555555556,6.245222222222223,6.933333333333334,0.44223684210526315,12.82148148148148,25.841,0.19455555555555556,1.154777777777778,0.5176666666666666,65.24444444444444,0.4444444444444444,2019.0
Amaravati,5,27.82602272727273,72.60648351648352,2.2642857142857142,13.06868131868132,8.76010989010989,7.9228571428571435,0.5841538461538461,12.891555555555556,43.637362637362635,2.8030232558139536,1.5286046511627909,4.6144086021505375,89.97849462365592,0.46236559139784944,2019.0
Amaravati,6,18.36422222222222,48.16477777777778,2.8192222222222223,15.785333333333334,10.641222222222222,8.396444444444445,0.553,12.482222222222223,45.50077777777778,0.8160000000000001,2.5143999999999997,2.2186666666666666,68.07777777777778,0.25555555555555554,2019.0
Amaravati,7,14.742063492063492,39.2184126984127,4.521746031746032,14.011269841269842,11.130634920634922,8.491111111111111,0.45396825396825397,12.175396825396824,31.934444444444445,0.18444444444444447,0.8726984126984126,0.3952380952380952,60.53968253968254,0.19047619047619047,2018.5238095238096
Amaravati,8,14.414313725490196,38.51647058823529,4.381372549019607,12.13313725490196,9.797058823529412,14.565098039215687,0.6994117647058824,11.653921568627451,24.471176470588233,0.13607843137254902,0.44607843137254904,0.4316129032258064,75.61290322580645,0.3387096774193548,2018.5
Amaravati,9,27.034814814814816,63.6775,7.022142857142858,21.236071428571428,17.08607142857143,19.977857142857143,1.0882142857142856,12.23,31.839285714285715,0.0475,0.36500000000000005,0.9668333333333333,101.88333333333334,0.75,2018.5
Amaravati,10,31.516538461538463,73.0575,5.755,20.529038461538462,15.619423076923077,13.926153846153845,0.8146153846153846,15.066538461538462,33.60865384615385,0.11288461538461539,1.304423076923077,0.49016129032258066,89.90322580645162,0.3548387096774194,2018.5
Amaravati,11,55.62134328358209,102.20910447761194,6.565970149253731,36.71537313432835,24.927611940298508,8.406567164179105,0.8549253731343284,16.825820895522387,49.21328358208955,0.23134328358208955,2.684776119402985,0.3294029850746269,122.22388059701493,0.22388059701492538,2018.3432835820895
Amaravati,12,74.20333333333333,121.43870967741935,4.690860215053763,41.571075268817204,25.875591397849462,16.25516129032258,0.6573118279569893,16.647956989247312,50.95860215053763,0.36688172043010747,3.441935483870968,0.2747311827956989,158.63440860215053,0.16129032258064516,2018.0
Amritsar,1,54.745999999999995,105.76811764705883,16.813764705882353,30.95141176470588,48.03682352941176,10.766588235294117,0.5752941176470588,6.441044776119403,17.557499999999997,5.110588235294117,3.766588235294117,3.969462365591398,119.58064516129032,0.07526881720430108,2019.0
Amritsar,2,49.74107142857143,114.39809523809524,19.846309523809524,21.284404761904764,41.64670731707317,9.547023809523811,0.47000000000000003,6.911147540983606,21.36769230769231,5.541463414634146,4.30719512195122,3.7017241379310346,116.74712643678161,0.05747126436781609,2018.9655172413793
Amritsar,3,42.60406504065041,91.1320325203252,14.211833333333335,14.214634146341464,27.1376404494382,10.639756097560976,0.5539516129032258,7.772446808510638,26.535916666666665,3.6205555555555557,2.4672222222222224,3.3591129032258062,95.99193548387096,0.27419354838709675,2018.5
Amritsar,4,38.00288288288288,91.54923076923077,18.911975308641974,21.056846846846845,35.81090909090909,16.74623853211009,0.5763063063063063,6.475925925925925,26.75777777777778,3.129818181818182,1.817818181818182,3.5813333333333333,92.1,0.5416666666666666,2018.5
Amritsar,5,72.00065573770492,109.98254385964913,20.435,16.55467741935484,33.49896103896104,20.134677419354837,0.5961290322580646,13.442357723577237,28.9405,3.0080645161290325,1.8507792207792206,5.564758064516129,114.61290322580645,0.3790322580645161,2018.5
Amritsar,6,44.96865546218487,134.49008547008546,19.54596638655462,15.395210084033613,28.49674157303371,17.350084033613445,0.5761386138613861,9.376806722689075,23.91964912280702,2.2844554455445545,1.9754081632653062,5.840583333333333,127.15,0.19166666666666668,2018.5
Amritsar,7,37.96080459770115,75.10098901098901,20.266813186813188,14.247032967032967,21.18111111111111,12.87054945054945,0.2198780487804878,6.138461538461539,20.57868131868132,2.592307692307692,2.0056962025316456,5.27031914893617,83.42553191489361,0.1702127659574468,2018.0212765957447
Amritsar,8,30.702909090909092,74.67783132530121,11.89132530120482,10.581566265060241,20.806949152542373,9.154216867469879,0.4423529411764706,6.726746987951806,20.133373493975903,3.053780487804878,1.7204819277108434,8.675483870967742,82.78494623655914,0.10752688172043011,2018.0
Amritsar,9,45.18633333333333,100.036,12.63888888888889,12.449666666666667,23.06433333333333,10.933522727272727,0.5494444444444445,7.402888888888889,18.160111111111114,3.706555555555555,3.384666666666667,10.097777777777777,97.03333333333333,0.0,2018.0
Amritsar,10,84.90140625,165.1675,16.575238095238095,19.407738095238095,36.888555555555556,29.474444444444444,0.3398924731182796,7.676666666666667,21.332441860465114,6.946989247311828,2.956129032258065,8.423548387096774,159.59139784946237,0.0,2018.0
Amritsar,11,89.31266666666667,183.7872222222222,31.230666666666668,25.378555555555558,54.16477777777778,15.908111111111111,0.8211111111111111,9.443164556962024,20.112111111111112,5.237777777777778,5.330222222222223,11.05011111111111,204.82222222222222,0.0,2018.0
Amritsar,12,75.55913978494624,143.55440860215054,22.43827956989247,23.67430107526882,43.92354838709677,6.007311827956989,0.8066666666666666,6.533827160493828,20.70516129032258,5.633218390804598,4.271264367816093,7.59483870967742,161.16129032258064,0.06451612903225806,2018.0
Bengaluru,1,46.93701298701299,102.03414473684211,13.236021505376344,38.6663440860215,28.94720430107527,23.376627906976747,1.8012365591397848,8.733924731182796,40.278314606741574,4.894235294117647,5.474853801169591,0.98,112.7741935483871,1.0,2017.5
Bengaluru,2,45.22661971830986,102.30428571428571,9.022823529411763,36.314764705882354,22.57994117647059,22.225263157894734,1.7574117647058822,6.0754705882352935,42.63614906832298,3.29476821192053,3.095398773006135,0.98,110.91176470588235,1.0,2017.5058823529412
Bengaluru,3,44.84358024691358,107.78883116883117,7.715891891891892,29.14691891891892,20.823709677419355,21.46232258064516,2.5393010752688174,5.766270270270271,46.46438888888889,10.958901734104046,8.043924731182797,0.98,109.44623655913979,1.0,2017.5
Bengaluru,4,37.07168674698795,93.69118055555556,5.956277777777778,22.84027777777778,17.2235,20.58122448979592,1.3101123595505617,5.241055555555556,53.258993710691826,2.403294117647059,3.35586592178771,0.98,101.40555555555555,1.0,2017.5
Bengaluru,5,34.53265193370166,65.53565217391305,6.674623655913979,24.47,15.321344086021504,15.824836601307188,1.5063243243243245,5.022903225806451,36.15593220338983,2.9377528089887637,2.4659677419354837,0.98,84.74193548387096,1.0,2017.5
Bengaluru,6,22.476829268292683,53.71333333333333,6.087078651685394,19.07438202247191,13.14237288135593,19.589399999999998,1.2616949152542372,5.319269662921348,21.41577639751553,1.0479746835443038,1.8691463414634149,0.98,72.31666666666666,1.0,2017.5
Bengaluru,7,24.968098591549296,65.09778688524591,9.976602564102564,20.046666666666667,13.566794871794873,19.404600000000002,2.749225806451613,4.855128205128205,21.378257575757573,3.1054032258064517,2.9188111888111887,0.98,95.03846153846153,1.0,2017.0192307692307
Bengaluru,8,21.86718120805369,59.909075630252104,10.40032894736842,19.62953947368421,14.056883116883117,22.833333333333332,4.088322580645161,4.4232894736842105,16.812275862068965,2.706638655462185,13.312781954887217,0.98,83.33548387096774,1.0,2017.0
Bengaluru,9,25.005405405405405,68.46366666666667,9.651066666666667,24.9424,15.812333333333333,26.588671328671328,1.7686666666666668,4.913733333333334,21.361006711409395,0.7864285714285714,2.896923076923077,0.98,78.46,1.0,2017.0
Bengaluru,10,36.98627450980392,93.32910569105691,11.92148387096774,31.091870967741933,23.799032258064514,23.536556291390728,1.1497402597402597,5.103612903225806,24.111164383561643,1.00125,2.4857142857142858,0.98,97.49032258064516,1.0,2017.0
Bengaluru,11,40.79073825503355,85.67255474452554,11.045533333333333,29.975933333333334,24.025266666666667,23.587214285714285,1.1043243243243244,4.7348,30.39041095890411,1.330958904109589,3.5247651006711407,0.98,94.45333333333333,1.0,2017.0
Bengaluru,12,48.924771241830065,90.86424836601307,12.49451612903226,39.294,27.193032258064516,25.03047945205479,1.0823376623376624,5.406064516129033,31.954045801526714,1.4825384615384614,8.627960526315789,0.98,102.05806451612904,1.0,2017.0
Bhopal,1,72.61548387096774,142.44290322580645,10.257096774193549,42.71483870967742,31.148064516129033,21.03774193548387,1.0661290322580643,11.571290322580644,45.483870967741936,,,0.98,160.51612903225808,1.0,2020.0
Bhopal,2,51.250344827586204,138.94655172413792,7.628620689655172,41.47551724137931,28.347586206896555,17.77758620689655,0.956551724137931,19.882758620689657,64.9448275862069,,,0.98,128.6206896551724,1.0,2020.0
Bhopal,3,32.75785714285714,109.92392857142856,3.0853571428571427,23.203928571428573,14.93142857142857,15.094285714285714,0.6439285714285715,12.471785714285714,68.12071428571429,,,0.98,110.51612903225806,1.0,2020.0
Bhopal,4,43.54291666666666,109.55583333333334,3.43625,11.122916666666667,8.604166666666666,15.412083333333333,0.6004166666666667,13.397916666666667,66.62541666666667,,,0.98,114.76666666666667,1.0,2020.0
Bhopal,5,21.846129032258066,84.04290322580646,1.2141935483870967,8.639677419354838,5.646774193548388,12.036774193548387,0.3825806451612903,11.238387096774193,75.35161290322581,,,0.98,104.45161290322581,1.0,2020.0
Bhopal,6,16.442666666666668,47.514,2.075,10.557666666666668,7.381333333333333,16.123666666666665,0.538,12.105333333333334,50.50666666666667,,,0.98,71.66666666666667,1.0,2020.0
Bhopal,7,14.0,30.0,1.1,5.12,3.62,8.05,0.35,12.45,48.77,,,0.98,69.0,1.0,2020.0
Bhopal,9,14.83357142857143,40.23142857142857,12.111428571428572,26.39428571428571,23.884999999999998,45.527857142857144,1.0442857142857143,7.640000000000001,32.409285714285716,,,0.9799999999999999,77.0,1.0,2019.0
Bhopal,10,51.97193548387097,132.38129032258064,11.616451612903226,39.516129032258064,30.419677419354837,20.67806451612903,1.1051612903225805,10.576451612903226,56.84967741935483,,,0.98,135.32258064516128,1.0,2019.0
Bhopal,11,89.591,190.197,13.518333333333334,50.525666666666666,37.86466666666667,18.103,1.38,17.680666666666664,68.12766666666667,,,0.98,205.6,1.0,2019.0
Bhopal,12,84.71129032258065,155.63548387096773,7.29516129032258,52.68096774193548,34.013225806451615,22.371935483870967,1.117741935483871,11.704193548387096,58.023548387096774,,,0.98,185.51612903225808,1.0,2019.0
Brajrajnagar,1,93.37406779661016,158.45694915254236,22.08725806451613,20.548615384615385,35.944375,56.51733333333333,2.12234375,10.297419354838711,17.941475409836066,4.430000000000001,,0.98,176.21505376344086,1.0,2019.0
Brajrajnagar,2,85.18666666666667,168.3979761904762,17.88843373493976,23.47807228915663,36.4225,41.936144578313254,2.465357142857143,11.27421686746988,18.68602409638554,1.5888571428571427,,0.98,186.61176470588236,1.0,2019.0117647058823
Brajrajnagar,3,94.829375,173.02705882352942,16.727088607594936,21.768987341772153,33.906666666666666,38.21734939759036,2.654470588235294,10.003855421686747,22.305903614457833,0.0835294117647059,,0.98,192.72043010752688,1.0,2019.0
Brajrajnagar,4,66.8738961038961,141.7595,29.993846153846157,20.001458333333336,25.31904109589041,34.949333333333335,1.9989999999999999,9.03076923076923,27.035500000000003,0.057999999999999996,,0.98,145.25555555555556,1.0,2019.0
Brajrajnagar,5,54.86687500000001,116.3741975308642,38.336666666666666,17.584,32.00102564102564,29.143833333333337,1.7666666666666666,10.090175438596491,33.48373134328358,0.08234567901234568,,0.98,125.45161290322581,1.0,2019.0
Brajrajnagar,6,48.3852,106.18550724637682,10.570153846153845,12.126307692307693,12.101052631578947,23.549384615384614,1.7194736842105265,8.707297297297298,21.076027397260273,1.989078947368421,,0.98,113.24444444444444,1.0,2019.0
Brajrajnagar,7,26.216451612903228,48.97774193548387,5.4634426229508195,10.430983606557376,11.833870967741936,27.552131147540983,1.4951612903225806,7.534262295081967,8.01016393442623,1.4983870967741937,,0.98,92.19047619047619,1.0,2018.5238095238096
Brajrajnagar,8,30.695,53.50928571428572,7.42,8.624237288135593,12.393166666666668,29.948813559322033,0.8885000000000001,8.689830508474577,5.270169491525424,0.4061666666666667,,0.98,91.2258064516129,1.0,2018.5
Brajrajnagar,9,23.871333333333332,48.782333333333334,6.035714285714286,9.241428571428571,7.656000000000001,26.791428571428572,1.605,9.946071428571429,4.848214285714286,0.8476666666666667,,0.98,106.48333333333333,1.0,2018.5
Brajrajnagar,10,37.33909090909091,92.08295454545454,10.159761904761904,12.039761904761905,15.43659090909091,31.395714285714284,1.331590909090909,10.238333333333333,6.444761904761905,0.6188636363636364,,0.98,110.46774193548387,1.0,2018.5
Brajrajnagar,11,78.20866666666666,150.764,18.43340909090909,15.753181818181817,23.96822222222222,42.282045454545454,0.8295555555555555,13.02818181818182,7.382499999999999,0.45622222222222225,,0.98,154.56666666666666,1.0,2018.5
Brajrajnagar,12,84.90428571428572,148.54414285714287,19.673174603174605,17.443733333333334,28.649545454545457,49.28432835820895,1.6196103896103895,9.541486486486487,10.392972972972974,42.266285714285715,,0.9800000000000001,168.0344827586207,1.0,2018.0689655172414
Chandigarh,1,45.361612903225804,94.05645161290323,18.604193548387098,13.248709677419356,21.63806451612903,40.70709677419355,0.7429032258064516,7.618709677419355,9.646451612903226,6.240645161290323,0.2896774193548387,0.7548387096774193,94.06451612903226,0.0,2020.0
Chandigarh,2,42.32206896551724,94.22068965517242,12.245862068965517,17.230344827586208,18.36793103448276,45.61310344827586,0.71,9.098620689655172,12.796896551724139,5.923793103448276,0.356551724137931,1.5993103448275863,93.37931034482759,0.0,2020.0
Chandigarh,3,19.636129032258065,53.34645161290322,7.208387096774194,13.363548387096774,12.689677419354839,61.02806451612903,0.5383870967741936,9.931935483870967,13.580967741935483,4.247419354838709,1.0148387096774194,6.2535483870967745,55.41935483870968,0.0,2020.0
Chandigarh,4,14.349333333333334,39.20733333333333,2.1926666666666668,11.613333333333333,7.783666666666666,34.638,0.49733333333333335,10.721666666666666,24.113666666666667,3.1079999999999997,0.5813333333333334,1.1163333333333334,47.03333333333333,0.0,2020.0
Chandigarh,5,21.161935483870966,66.71935483870968,2.757096774193548,9.688064516129032,9.025483870967742,29.93935483870968,0.5338709677419355,12.22,35.560322580645156,2.8819354838709677,0.9009677419354839,0.8496774193548388,74.12903225806451,0.0,2020.0
Chandigarh,6,23.560333333333332,56.22,1.7830000000000001,9.013666666666667,6.220666666666667,34.33266666666667,0.29866666666666664,11.512666666666666,38.87133333333334,3.437,1.7046666666666668,0.7706666666666667,66.5,0.0,2020.0
Chandigarh,7,32.9,72.38,0.56,9.87,5.92,36.63,0.33,14.91,34.33,3.31,0.33,0.46,66.0,0.0,2020.0
Chandigarh,9,26.627142857142854,81.51689655172414,10.311724137931035,4.437931034482758,12.050689655172414,3.0468965517241378,0.6565517241379311,10.182758620689656,27.826206896551724,5.61448275862069,1.9803448275862068,7.781034482758621,89.6896551724138,0.0,2019.0
Chandigarh,10,65.58258064516129,121.72,15.097741935483873,7.274193548387097,16.059354838709677,8.932903225806452,0.7490322580645161,11.816774193548387,18.380967741935482,5.043548387096774,2.5983870967741933,4.1409677419354844,140.2258064516129,0.0,2019.0
Chandigarh,11,76.36433333333333,130.278,15.215769230769231,17.338076923076922,25.025769230769228,7.225499999999999,0.821,10.322,11.118333333333334,8.509333333333334,4.128333333333333,2.2796666666666665,168.46666666666667,0.0,2019.0
Chandigarh,12,68.43193548387096,118.98548387096774,20.23,13.698709677419355,23.12741935483871,33.16935483870968,0.7732258064516129,8.015483870967742,8.600645161290323,5.7938709677419356,0.5087096774193548,0.9016129032258065,139.6451612903226,0.0,2019.0
Chennai,1,61.49,64.41096774193548,10.96241935483871,17.63037634408602,16.678118279569894,78.48148387096774,0.8638378378378379,11.461935483870969,33.37826086956522,1.5328846153846154,1.90556338028169,0.98,126.41397849462365,1.0,2017.5
Chennai,2,56.406549295774646,67.57758620689656,8.820176470588235,14.033764705882355,15.90141176470588,62.95944444444445,1.017,8.245000000000001,31.988470588235295,1.6702112676056338,2.3076470588235294,0.98,117.67647058823529,1.0,2017.5058823529412
Chennai,3,58.29256097560975,42.87033333333333,10.452096774193548,16.391666666666666,15.936935483870968,48.2837012987013,1.144731182795699,6.926182795698924,31.445967741935483,1.5857317073170731,2.2245197740112994,0.98,117.3010752688172,1.0,2017.5
Chennai,4,46.18922222222222,174.0911111111111,10.181777777777778,16.18927777777778,14.786111111111111,43.05933333333333,1.2435,5.712111111111112,29.194827586206895,1.2765432098765432,2.524658385093168,0.98,105.48333333333333,1.0,2017.5
Chennai,5,49.700268817204304,177.0275,9.470322580645162,18.854139784946234,18.565967741935484,55.89818791946308,1.363225806451613,6.995053763440859,38.90967391304348,0.8945029239766082,2.788435754189944,0.98,115.34408602150538,1.0,2017.5
Chennai,6,49.32970238095238,51.61138888888889,7.916190476190477,16.15047619047619,17.095535714285717,40.26207407407407,1.0617261904761905,6.495059523809524,39.93538922155689,4.072903225806451,5.002283950617284,0.98,108.61666666666666,1.0,2017.5
Chennai,7,49.13602564102564,31.639999999999997,7.677371794871795,17.377820512820513,17.23474358974359,58.81112,1.236025641025641,6.578076923076924,24.55155844155844,0.6460869565217391,2.1707042253521127,0.98,108.28205128205128,1.0,2017.0192307692307
Chennai,8,40.027434210526316,36.51833333333333,7.8471710526315785,15.378486842105264,18.15046052631579,43.46865384615384,1.0543870967741935,8.175855263157894,23.755526315789474,4.932116788321167,3.1986666666666665,0.98,105.40645161290323,1.0,2017.0
Chennai,9,36.696933333333334,49.19620689655173,8.521333333333333,15.0668,18.223066666666668,27.23923076923077,1.3209333333333333,8.410333333333334,32.0344,1.3134645669291338,2.5306201550387595,0.98,118.84,1.0,2017.0
Chennai,10,50.60162337662337,59.839999999999996,10.59461038961039,18.61896103896104,20.670454545454547,61.890750000000004,0.8683225806451613,9.333441558441558,34.29337662337662,0.5904545454545455,2.1765671641791045,0.98,120.96774193548387,1.0,2017.0
Chennai,11,52.8692,103.25,8.493133333333333,18.4874,19.416533333333334,111.48983193277311,0.8126,7.956333333333333,35.751866666666665,0.7968253968253968,2.82796875,0.98,118.9,1.0,2017.0
Chennai,12,55.42177777777778,59.532000000000004,8.534444444444444,18.24525925925926,20.931185185185186,129.07386554621849,0.7368531468531468,8.430740740740742,32.68074074074074,0.9582456140350877,0.9164035087719298,0.98,112.92903225806451,1.0,2017.0
Coimbatore,1,38.24645161290323,50.71612903225807,4.59741935483871,39.503,37.41645161290323,7.756,0.25967741935483873,7.959677419354839,40.62548387096775,0.01,0.0003225806451612903,0.98,77.7741935483871,1.0,2020.0
Coimbatore,2,39.791724137931034,52.20379310344828,0.5955172413793103,34.97793103448276,35.461724137931036,6.341111111111111,0.6055172413793103,10.731724137931034,53.641379310344824,0.002413793103448276,0.0003448275862068966,0.98,85.13793103448276,1.0,2020.0
Coimbatore,3,33.84793103448276,44.59466666666666,0.6743333333333333,48.516333333333336,47.952999999999996,7.23,0.6903333333333334,8.139666666666667,40.817,0.0003333333333333333,0.007333333333333333,0.98,89.80645161290323,1.0,2020.0
Coimbatore,4,23.33206896551724,28.05392857142857,0.8837931034482758,63.79689655172413,64.65827586206896,5.872,0.7024137931034483,6.4444827586206905,26.0051724137931,0.0,0.03413793103448276,0.98,99.2,1.0,2020.0
Coimbatore,5,22.197,29.397,0.8777777777777778,35.8496551724138,30.58103448275862,7.041764705882352,1.0070000000000001,6.180000000000001,19.720000000000002,0.0006666666666666666,0.013666666666666667,0.98,61.806451612903224,1.0,2020.0
Coimbatore,6,21.95938775510204,29.633469387755103,7.296315789473684,28.535714285714285,22.330204081632655,6.2002173913043475,0.8322448979591837,7.988367346938776,17.450204081632656,0.004693877551020408,0.0326530612244898,0.9799999999999999,51.38775510204081,1.0,2019.6122448979593
Coimbatore,7,30.990666666666666,40.42903225806452,10.846774193548388,14.7003125,24.120625,28.452962962962964,1.2003125000000001,9.700625,19.80875,0.036875,0.1640625,0.98,73.8125,1.0,2019.03125
Coimbatore,8,23.19793103448276,30.358620689655172,9.447096774193549,8.651935483870966,17.97967741935484,24.132962962962964,1.4358064516129032,9.176451612903227,18.021935483870966,0.021612903225806453,0.01741935483870968,0.98,83.45161290322581,1.0,2019.0
Coimbatore,9,22.166999999999998,31.057333333333336,8.474,8.163666666666666,16.544333333333334,3.1516666666666664,1.5896666666666666,9.143333333333334,18.398,0.013000000000000001,0.13,0.98,88.73333333333333,1.0,2019.0
Coimbatore,10,24.010967741935485,30.129354838709677,8.452258064516128,12.774838709677418,20.995483870967742,4.709677419354839,1.7825806451612902,10.375806451612902,30.110967741935486,0.006129032258064516,0.0567741935483871,0.98,95.80645161290323,1.0,2019.0
Coimbatore,11,35.85966666666666,45.524,10.829333333333333,25.037333333333333,35.56266666666667,4.207,0.6043333333333333,12.238333333333333,34.731,0.0006666666666666666,0.004666666666666667,0.98,72.73333333333333,1.0,2019.0
Coimbatore,12,38.450322580645164,47.95709677419355,19.981290322580644,28.823600000000003,24.92064516129032,4.412727272727273,0.7067741935483871,5.504838709677419,34.93677419354839,0.013225806451612905,0.004838709677419355,0.98,72.2258064516129,1.0,2019.0
Delhi,1,197.4854301075269,306.65387096774197,53.9925806451613,57.01795698924731,68.08559139784947,58.074623655913975,3.056774193548387,15.068010752688172,49.7305376344086,5.199516129032258,19.973064516129032,1.3691397849462366,360.38709677419354,0.3279569892473118,2017.5
Delhi,2,141.9755294117647,246.0095882352941,45.856117647058824,55.47535294117647,66.98170588235294,47.40635294117647,2.908235294117647,15.890176470588235,48.82982352941176,4.036764705882353,15.424,1.925941176470588,298.82941176470587,0.3352941176470588,2017.5058823529412
Delhi,3,87.57387096774194,182.34173913043477,32.11032258064516,43.957956989247315,49.66381720430107,35.398804347826086,2.524516129032258,16.667956989247312,44.452795698924724,3.1591397849462366,13.418494623655915,1.6329032258064518,222.6236559139785,0.3333333333333333,2017.5
Delhi,4,90.93222222222222,222.04522727272726,32.598222222222226,49.42705555555556,51.82522222222223,35.5511797752809,2.140444444444445,21.733351955307263,53.52458100558659,3.282722222222222,13.3185,1.0380555555555555,248.44444444444446,0.3333333333333333,2017.5
Delhi,5,92.20994623655913,238.97809782608695,28.725161290322582,51.8552688172043,52.96069892473118,37.81354838709677,2.3133870967741936,20.66940860215054,62.751827956989246,2.9597311827956987,13.867903225806451,0.7152150537634409,258.69354838709677,0.4946236559139785,2017.5
Delhi,6,69.81011111111111,194.1798870056497,20.014,45.313500000000005,40.03122222222222,40.094722222222224,1.3070555555555556,11.229936305732483,55.887961783439486,2.355722222222222,11.795833333333333,0.9937777777777778,198.96666666666667,0.5,2017.5
Delhi,7,46.4176282051282,119.895703125,18.163846153846155,34.84384615384616,48.292500000000004,37.18961538461539,1.0574999999999999,9.603200000000001,41.73184,1.8505769230769231,12.668653846153846,1.0022435897435897,137.44871794871796,0.5961538461538461,2017.0192307692307
Delhi,8,43.102026143790845,114.45193548387097,22.486797385620914,36.09751633986928,50.37896774193548,31.123486842105265,0.9728387096774193,9.38856,42.20984126984127,1.7454193548387098,13.722193548387096,0.9427096774193549,133.59354838709677,0.5870967741935483,2017.0
Delhi,9,55.345,135.9920666666667,23.202266666666667,36.63513333333333,42.50946666666667,29.783716216216213,0.9609333333333332,10.93656,44.44806666666667,1.9916666666666667,14.148733333333332,1.2296666666666667,157.42666666666668,0.35333333333333333,2017.0
Delhi,10,140.91193548387096,272.34554838709676,56.85761290322581,59.41580645161291,75.27045161290323,39.674129032258065,1.5523870967741935,17.23316129032258,61.50916129032258,4.327548387096774,26.497612903225807,1.567225806451613,312.3290322580645,0.2064516129032258,2017.0
Delhi,11,238.24519999999998,368.1142,68.81819999999999,72.58966666666667,86.20786666666667,53.0774,1.8760666666666668,19.6332,58.8544,5.930133333333333,27.88133333333333,1.3239333333333334,401.9533333333333,0.2,2017.0
Delhi,12,208.1,355.3198648648648,69.22767741935485,67.50593548387097,75.2976129032258,58.00025806451613,2.6103225806451613,17.65948387096774,47.660774193548384,5.781935483870968,26.30283870967742,1.4108387096774193,371.2064516129032,0.3870967741935484,2017.0
Ernakulam,1,48.96888888888889,83.24444444444445,105.12111111111112,11.045555555555556,115.89222222222222,81.94666666666666,1.3344444444444443,3.517777777777778,,2.25,3.663333333333333,0.534,131.2,0.1,2020.0
Ernakulam,2,45.36448275862069,74.87586206896552,62.76379310344828,3.36962962962963,63.910000000000004,25.896551724137932,1.3672413793103448,3.6048275862068966,,1.3155172413793104,2.4499999999999997,0.30241379310344824,96.17241379310344,0.0,2020.0
Ernakulam,3,28.732666666666667,57.742666666666665,6.303333333333334,4.1690000000000005,9.997333333333334,2.7376666666666667,1.4416666666666667,3.617,,0.47833333333333333,1.0093333333333334,0.13,87.3225806451613,0.03225806451612903,2020.0
Ernakulam,4,17.744666666666667,35.715,11.536333333333333,2.079565217391304,10.948666666666666,16.39966666666667,1.2976666666666667,3.2616666666666663,,0.11966666666666667,0.15899999999999997,0.0026666666666666666,70.1,0.0,2020.0
Ernakulam,5,15.23258064516129,36.803225806451614,7.482258064516128,,6.73483870967742,27.550645161290323,1.9274193548387097,2.7135483870967745,,0.19129032258064516,0.5058064516129032,0.05258064516129032,97.2258064516129,0.0,2020.0
Ernakulam,6,11.163214285714286,27.0675,4.538571428571428,1.9417647058823528,3.652142857142857,12.221785714285714,2.1967857142857143,2.6314285714285717,,0.4682142857142857,1.6296428571428572,0.27133333333333337,105.23333333333333,0.06666666666666667,2020.0
Ernakulam,7,5.88,13.91,2.58,2.4,1.6,1.44,2.1,2.72,,0.0,0.0,0.0,111.0,0.0,2020.0
Gurugram,1,164.1784375,246.91123456790126,26.61943661971831,23.361830985915493,42.380089285714284,,3.9576595744680847,9.553120567375887,22.697464788732393,1.6932173913043478,11.074473684210526,0.98,271.49032258064517,1.0,2018.0
Gurugram,2,115.03709401709402,189.172,23.69884297520661,30.923089430894308,36.06047619047619,,1.1023484848484848,8.833361344537815,32.05032520325204,0.9520481927710843,5.311204819277108,0.98,217.19014084507043,1.0,2018.0
Gurugram,3,99.38560283687944,148.32763440860214,13.065248226950356,25.059148936170214,25.991621621621622,45.59481481481481,0.7731914893617021,13.835929203539823,46.75366197183099,1.233978494623656,2.9934408602150535,3.4722580645161294,177.68387096774194,0.8258064516129032,2018.0
Gurugram,4,96.2681560283688,171.10373493975905,14.357762237762238,20.677659574468088,21.189915966386554,36.52966666666667,0.922,13.020991735537189,41.81853146853147,1.6083870967741933,1.8174444444444444,1.3838,204.76,0.8,2018.0
Gurugram,5,108.16908496732026,185.81626373626372,12.762302631578947,20.763618421052634,22.895934959349592,19.325161290322583,0.6933333333333334,8.571679389312976,45.75953947368421,3.881885245901639,2.0664835164835167,1.2820645161290323,214.16129032258064,0.8,2018.0
Gurugram,6,114.03285714285714,146.60734693877552,8.505102040816327,18.538503401360543,16.24872881355932,5.876666666666667,0.5458503401360544,4.9180821917808215,46.67224489795918,1.6205042016806723,2.2870786516853934,1.4260666666666666,213.92666666666668,0.8,2018.0
Gurugram,7,102.27294642857143,123.479375,8.72768,14.3236,14.180000000000001,2.91,0.5416,6.56008,31.264416666666666,0.8562765957446808,3.9506349206349203,1.01,142.104,0.992,2017.52
Gurugram,8,61.65239316239316,71.0126923076923,7.720467289719626,17.004770642201834,13.877654320987654,,0.5447107438016529,10.9575,25.14252747252747,0.9805494505494506,3.0562903225806455,0.98,108.29838709677419,1.0,2017.5
Gurugram,9,57.819646017699114,81.43645161290323,11.878295454545453,18.18102272727273,22.22813559322034,,0.7797345132743363,6.788141592920353,22.293333333333333,1.2639772727272727,4.886,0.98,118.89166666666667,1.0,2017.5
Gurugram,10,122.96666666666667,227.76103448275862,30.246893203883495,36.25970873786408,49.15651685393259,,0.996,7.729663865546219,37.102666666666664,1.8594791666666666,5.556666666666667,0.98,235.66129032258064,1.0,2017.5
Gurugram,11,194.07283333333334,282.3295,24.100887096774194,28.483790322580646,44.62744897959183,,1.3786734693877551,11.224642857142857,30.34225806451613,2.3231666666666664,11.199666666666667,0.98,330.0,1.0,2017.4193548387098
Gurugram,12,168.79284552845527,278.1039344262295,28.52060810810811,27.775878378378376,41.15194915254238,,2.7966666666666664,11.851418918918919,23.32608108108108,1.5451219512195122,9.082195121951221,0.98,269.10322580645163,1.0,2017.0
Guwahati,1,144.23999999999998,221.62161290322578,54.58483870967742,13.567419354838709,104.15129032258065,17.883225806451613,1.5483870967741935,13.037741935483872,18.699032258064516,4.233870967741935,,0.98,291.64516129032256,1.0,2020.0
Guwahati,2,110.26190476190476,186.31142857142856,42.07,18.874146341463415,89.26780487804878,20.640731707317073,1.0548780487804879,15.509024390243903,22.54609756097561,1.4521951219512195,,0.9799999999999999,233.85714285714286,1.0,2019.6904761904761
Guwahati,3,91.45548387096774,174.17048387096773,25.051290322580645,21.19467741935484,51.81225806451613,18.79548387096774,0.7895161290322581,18.06935483870968,29.174032258064514,1.5220967741935485,,0.98,208.5483870967742,1.0,2019.5
Guwahati,4,52.87733333333333,92.24033333333334,8.052833333333334,13.435,22.722666666666665,13.778166666666666,0.5846666666666667,17.757166666666667,39.56133333333333,3.4386666666666668,,0.98,116.88333333333334,1.0,2019.5
Guwahati,5,41.09838709677419,78.43080645161291,4.8227419354838705,11.726774193548387,15.741935483870968,8.48241935483871,0.48306451612903223,17.30548387096774,41.089999999999996,5.3549999999999995,,0.98,82.04838709677419,1.0,2019.5
Guwahati,6,24.197,42.74433333333333,4.890833333333333,10.847166666666668,15.839166666666667,5.617333333333334,0.49933333333333335,14.1215,19.369333333333334,0.7888333333333333,,0.98,49.6,1.0,2019.5
Guwahati,7,39.0446875,89.238125,6.81125,9.868125000000001,21.481875,7.6,0.4596875,10.861875,12.745625,3.9761290322580645,,0.98,77.25,1.0,2019.03125
Guwahati,8,27.029677419354837,119.02645161290323,5.86483870967742,9.494193548387097,19.780322580645162,6.180645161290323,0.44548387096774195,11.651612903225805,19.169999999999998,25.357499999999998,,0.98,121.0,1.0,2019.0
Guwahati,9,22.948666666666668,44.693333333333335,9.191,9.375,25.132333333333335,2.54,0.5546666666666666,12.952666666666666,15.956666666666667,3.975,,0.98,48.233333333333334,1.0,2019.0
Guwahati,10,49.40806451612904,86.20193548387097,21.26483870967742,13.519677419354839,49.38903225806452,3.2438709677419357,0.6880645161290322,13.72225806451613,18.276774193548388,0.5335483870967742,,0.98,99.80645161290323,1.0,2019.0
Guwahati,11,64.88000000000001,123.00133333333333,43.61566666666667,14.981666666666666,87.65866666666668,6.526666666666667,0.9,10.396333333333333,18.236333333333334,3.6943333333333332,,0.98,140.4,1.0,2019.0
Guwahati,12,124.2432258064516,188.10999999999999,43.63677419354839,11.146451612903226,83.58064516129032,15.553225806451612,1.2803225806451612,11.813548387096775,18.368709677419353,1.9916129032258065,,0.98,268.9032258064516,1.0,2019.0
Hyderabad,1,67.99155844155845,122.67180645161291,9.631038251366121,36.69841530054645,26.085245901639347,18.17877419354839,0.644808743169399,10.15054644808743,38.40464480874317,1.5672881355932204,10.70180790960452,2.0229508196721313,136.78688524590163,0.03278688524590164,2017.5409836065573
Hyderabad,2,60.37352112676057,115.55357142857143,9.86595238095238,34.921547619047615,25.767380952380954,19.14443661971831,0.6030357142857143,9.514285714285714,37.42166666666667,1.2155757575757575,9.048242424242424,1.696705882352941,122.75294117647059,0.029411764705882353,2017.5058823529412
Hyderabad,3,48.514294871794874,108.09529032258065,7.70027027027027,29.093783783783785,21.312594594594593,16.307385620915035,0.6186559139784946,8.24236559139785,38.593978494623656,1.2503763440860214,8.019516129032258,1.6848387096774193,111.55913978494624,0.0,2017.5
Hyderabad,4,44.40251428571428,101.82845637583893,8.213389830508474,29.975988700564972,21.45734463276836,18.700476190476188,0.6278651685393258,8.77876404494382,39.62297752808989,0.9936305732484076,5.661783439490446,1.0394444444444444,108.77222222222223,0.12777777777777777,2017.5
Hyderabad,5,38.99145161290323,94.49274509803921,6.823010752688171,28.89736559139785,20.543870967741935,20.413026315789477,0.6188172043010752,7.4816666666666665,40.27983870967742,1.099483870967742,7.184580645161289,1.3272043010752688,107.09677419354838,0.16666666666666666,2017.5
Hyderabad,6,35.50855555555555,47.811,6.172000000000001,17.201055555555556,14.959222222222222,12.861916666666668,0.493,6.231888888888889,27.540888888888887,0.42646666666666666,3.0227333333333335,0.6081666666666666,91.00555555555556,0.16666666666666666,2017.5
Hyderabad,7,24.177179487179487,43.45074468085106,6.149294871794871,13.417628205128207,12.90576923076923,10.310744680851064,0.6287179487179487,6.231346153846154,18.545897435897434,0.31124031007751934,2.203410852713178,0.8392948717948718,79.52564102564102,0.17307692307692307,2017.0192307692307
Hyderabad,8,24.01029411764706,47.480625,6.999044117647059,16.843014705882354,13.029285714285715,12.795,0.48233766233766234,7.149926470588235,18.115882352941174,0.5281333333333333,3.0165333333333333,0.8172903225806452,86.02580645161291,0.03225806451612903,2017.0
Hyderabad,9,36.47825503355705,55.906666666666666,7.565704697986577,26.57657718120805,14.775666666666666,15.034806201550388,0.34833333333333333,6.263892617449665,22.744362416107382,0.7394666666666667,6.2008,2.3096666666666668,90.26666666666667,0.0,2017.0
Hyderabad,10,62.12835526315789,91.85777777777777,7.837450980392157,30.599542483660127,14.58283870967742,14.761558441558442,0.5367741935483871,9.739346405228758,34.45052287581699,1.3945806451612903,11.079096774193548,2.5678709677419356,124.81290322580645,0.0,2017.0
Hyderabad,11,60.54266666666666,111.11986666666667,7.774733333333334,33.6686,21.3002,15.015066666666666,0.7031333333333333,16.752599999999997,42.959133333333334,2.2988,14.771466666666665,2.6566,126.72666666666667,0.0,2017.0
Hyderabad,12,64.00187096774194,115.07142857142857,8.90516129032258,40.848,24.57690322580645,16.801038961038962,0.7670322580645161,14.310709677419354,39.312838709677415,2.016258064516129,12.011161290322582,2.39141935483871,129.11612903225807,0.0,2017.0
Jaipur,1,63.891505376344085,138.8362365591398,20.691290322580645,39.221720430107524,44.80559139784946,31.991720430107527,0.7613978494623657,13.645913978494622,45.85612903225806,2.811290322580645,8.405591397849463,0.98,151.01075268817203,1.0,2019.0
Jaipur,2,63.190823529411766,127.75964705882353,16.84564705882353,37.85823529411765,45.99929411764706,28.670705882352944,1.0450588235294118,12.743882352941176,53.63717647058824,2.086941176470588,8.223058823529412,0.98,142.7058823529412,1.0,2019.0117647058823
Jaipur,3,40.82720430107527,100.28881720430108,10.17720430107527,34.01408602150538,38.08548387096774,26.746559139784946,0.8366666666666667,11.34763440860215,59.73860215053763,1.1290322580645162,10.516774193548388,0.98,110.58064516129032,1.0,2019.0
Jaipur,4,45.90633333333333,129.6151111111111,10.021444444444445,28.192666666666668,32.428222222222225,24.012666666666664,0.7707777777777778,11.781333333333333,59.16255555555556,0.7258888888888889,7.262222222222222,0.98,131.16666666666666,1.0,2019.0
Jaipur,5,54.02806451612903,146.42451612903224,9.98752688172043,26.536344086021508,30.950107526881723,21.695698924731182,0.8303225806451613,10.986559139784946,62.75720430107527,1.0352688172043012,4.744301075268817,0.98,142.5483870967742,1.0,2019.0
Jaipur,6,49.16862745098039,118.79274509803922,8.636767676767676,19.986237623762374,26.09455555555555,22.2912,0.6908823529411765,10.404607843137255,50.52735294117647,0.6116161616161616,2.1105050505050507,0.98,123.14953271028037,1.0,2018.6822429906542
Jaipur,7,40.28032608695652,81.75688888888888,8.17131868131868,18.177692307692308,25.530476190476193,15.174175824175823,0.6463043478260869,9.116304347826087,25.698043478260868,0.48425287356321844,2.393563218390805,0.9800000000000001,94.87234042553192,1.0,2018.0212765957447
Jaipur,8,36.575842696629216,89.88078651685393,9.228539325842696,24.286179775280896,28.502903225806453,20.435730337078652,0.6375268817204301,8.945842696629214,26.764044943820224,0.40384615384615385,4.271648351648351,0.98,94.17204301075269,1.0,2018.0
Jaipur,9,36.43325842696629,95.8308988764045,10.711348314606742,27.173370786516852,30.476499999999998,30.085955056179778,0.6341111111111111,10.154494382022472,29.53418604651163,0.4916470588235294,3.7221176470588233,0.98,100.42222222222222,1.0,2018.0
Jaipur,10,71.84698924731183,145.32763440860214,18.918817204301074,40.85010752688172,49.20544444444444,37.581935483870964,0.9194623655913979,10.984516129032258,43.237526881720434,2.2016129032258065,9.459784946236558,0.98,165.68817204301075,1.0,2018.0
Jaipur,11,85.039,165.1797777777778,26.83666666666667,50.58844444444445,61.730111111111114,29.633777777777777,1.0467777777777778,10.536444444444443,54.98833333333333,3.159222222222222,9.556444444444445,0.98,193.64444444444445,1.0,2018.0
Jaipur,12,67.09096774193549,140.49301075268818,25.651290322580646,43.243978494623654,51.22408602150538,30.013548387096776,0.8230107526881721,12.267419354838712,47.20204301075269,3.6555913978494625,9.546521739130435,0.98,154.3763440860215,1.0,2018.0
Jorapokhar,1,88.1975925925926,213.93314606741572,9.175568181818182,9.741022727272728,,6.617727272727273,0.2832258064516129,52.2732183908046,40.19595505617978,,,0.98,209.32258064516128,1.0,2019.0
Jorapokhar,2,78.64928571428571,169.10831325301206,12.98012048192771,9.882168674698795,,7.206626506024096,0.1958695652173913,55.39484848484848,35.42120481927711,,,0.98,168.72941176470587,1.0,2019.0117647058823
Jorapokhar,3,66.05403846153845,146.1067105263158,14.77546511627907,10.009418604651161,,7.481162790697675,0.536578947368421,45.479878048780485,38.12081395348837,,,0.98,144.36559139784947,1.0,2019.0
Jorapokhar,4,48.10622641509434,128.58616279069767,14.190581395348838,9.906744186046511,,7.511486486486487,1.116231884057971,31.024074074074072,34.82349397590362,,,0.9800000000000001,122.36633663366337,1.0,2018.7821782178219
Jorapokhar,5,47.06806451612903,113.04814432989691,13.084848484848486,9.00131313131313,,7.783676470588235,0.9682352941176471,26.427078651685395,36.4444,,,0.98,125.06451612903226,1.0,2018.5
Jorapokhar,6,27.15,120.1820895522388,16.966984126984126,9.896031746031747,,8.590487804878048,0.9025757575757576,30.191911764705885,27.867428571428572,,,0.98,122.93333333333334,1.0,2018.5
Jorapokhar,7,,63.11560606060606,7.916363636363637,9.33030303030303,,6.496938775510205,0.5648611111111111,17.052769230769233,18.554262295081966,,,0.9800000000000001,101.3936170212766,1.0,2018.0212765957447
Jorapokhar,8,12.631538461538462,69.96903614457831,7.609518072289157,9.551927710843373,,6.444999999999999,1.006056338028169,18.95357142857143,13.18578125,,,0.98,114.20430107526882,1.0,2018.0
Jorapokhar,9,26.471,53.65512195121951,8.239512195121952,8.60658536585366,,6.355384615384616,0.7986956521739131,11.29075,13.953589743589742,,,0.98,105.77777777777777,1.0,2018.0
Jorapokhar,10,52.53206896551724,168.70190476190476,7.922698412698413,8.183492063492062,,6.494571428571429,0.04971428571428571,9.606285714285713,36.02383333333333,,,0.98,144.1720430107527,1.0,2018.0
Jorapokhar,11,89.09535714285714,239.36824324324326,8.17138888888889,8.329722222222223,,6.6113888888888885,0.11227272727272729,35.47153846153846,40.611971830985915,,,0.98,203.36666666666667,1.0,2018.0
Jorapokhar,12,87.14322580645161,275.70115942028986,8.450579710144927,8.952608695652174,,6.583333333333333,0.18523809523809526,48.37202898550725,36.58115942028985,,,0.98,199.03225806451613,1.0,2018.0
Kochi,1,60.737,112.81500000000001,73.893,60.823,133.61399999999998,22.275,1.349,8.035,12.213,,0.01,0.9800000000000001,152.3,1.0,2020.0
Kochi,2,58.18137931034483,118.48034482758621,55.18448275862069,22.600689655172413,57.98724137931034,4.744827586206896,1.306551724137931,20.871379310344828,11.149310344827585,,0.0003448275862068966,0.98,121.06896551724138,1.0,2020.0
Kochi,3,36.49032258064516,102.66483870967743,127.74193548387096,4.1732,99.93354838709678,5.145806451612904,1.1925806451612904,20.96741935483871,2.0161290322580645,,0.0,0.98,128.80645161290323,1.0,2020.0
Kochi,4,19.66033333333333,34.89266666666666,68.56666666666666,4.302666666666667,58.75233333333333,3.865333333333333,0.9523333333333334,16.766333333333332,1.2916666666666667,,0.0003333333333333333,0.98,77.03333333333333,1.0,2020.0
Kochi,5,16.65967741935484,36.302258064516124,63.28677419354839,16.33225806451613,66.13677419354838,11.836129032258064,1.3580645161290323,12.894516129032258,1.22,,0.003870967741935484,0.98,86.87096774193549,1.0,2020.0
Kochi,6,18.445333333333334,32.617666666666665,41.12607142857143,10.855666666666668,38.01533333333334,11.16,1.6373333333333333,19.715,1.1053333333333333,,0.003,0.98,93.86666666666666,1.0,2020.0
Kochi,7,5.97,10.97,13.76,2.5,13.91,,1.92,20.77,1.1,,0.0,0.98,102.0,1.0,2020.0
Kolkata,1,148.19532258064518,247.1401612903226,81.935,80.51806451612903,146.84693548387096,30.30822580645161,1.2741935483870968,15.699838709677419,31.151451612903223,25.89016129032258,34.92983870967742,2.467741935483871,288.88709677419354,0.5,2019.5
Kolkata,2,105.62438596491228,194.50894736842105,50.05614035087719,77.76140350877192,120.84947368421052,35.4540350877193,1.0263157894736843,15.268245614035088,35.43017543859649,10.86017543859649,17.08421052631579,2.0389473684210526,231.2982456140351,0.49122807017543857,2019.5087719298247
Kolkata,3,61.90387096774194,114.62935483870969,15.763387096774194,48.645483870967745,63.895322580645164,26.903709677419354,0.7306451612903225,11.241774193548387,42.19806451612904,6.771612903225807,12.30532258064516,1.2774193548387098,140.30645161290323,0.5,2019.5
Kolkata,4,32.49764705882353,63.84882352941177,4.366,23.936666666666664,28.194125000000003,15.384814814814815,0.528641975308642,7.357096774193548,37.696,3.693625,6.099375,0.7650617283950617,85.29629629629629,0.6296296296296297,2019.111111111111
Kolkata,5,29.373650793650793,64.98142857142857,4.29604938271605,16.592345679012347,22.093010752688173,8.79774193548387,0.270752688172043,3.9625396825396826,30.42809523809524,2.095591397849462,6.419247311827957,0.8166666666666667,86.56989247311827,0.6559139784946236,2019.0
Kolkata,6,24.323846153846155,50.30692307692308,6.907662337662337,17.38,25.65866666666667,7.998111111111111,0.3961111111111111,5.619220779220779,30.025263157894738,7.624222222222222,9.462333333333333,1.9620000000000002,71.58888888888889,0.37777777777777777,2019.0
Kolkata,7,24.835079365079363,47.13619047619048,7.5442857142857145,24.52,31.566190476190478,12.465079365079365,0.5165079365079365,3.795714285714286,22.300317460317462,8.237619047619049,8.01920634920635,2.0392063492063492,56.58730158730159,0.49206349206349204,2018.5238095238096
Kolkata,8,22.07693548387097,40.99516129032258,9.330483870967742,25.840645161290322,34.13548387096775,10.74258064516129,0.8725806451612903,2.698225806451613,14.929677419354839,11.163870967741936,10.75258064516129,1.9885483870967744,62.193548387096776,0.5,2018.5
Kolkata,9,27.318500000000004,49.556666666666665,9.750166666666667,25.391833333333334,34.698166666666665,11.285,0.8896666666666667,3.7118333333333333,19.850666666666665,10.505166666666668,12.345666666666666,1.4061666666666668,64.71666666666667,0.5,2018.5
Kolkata,10,63.24612903225806,105.08129032258064,32.84774193548387,39.60193548387097,70.51016129032259,13.268225806451612,1.2451612903225806,6.9437096774193545,31.249193548387098,12.915967741935484,17.641774193548386,1.9675806451612903,144.29032258064515,0.5,2018.5
Kolkata,11,114.40183333333333,201.81883333333332,57.32066666666666,57.84883333333333,111.26366666666667,29.805999999999997,1.291,11.6705,36.712833333333336,18.46216666666667,29.804333333333332,2.906833333333333,244.3,0.5,2018.5
Kolkata,12,136.92177419354837,238.35048387096774,62.921451612903226,67.97290322580645,124.3225806451613,30.029838709677417,1.120322580645161,14.06225806451613,35.02596774193549,20.428709677419352,30.366290322580646,2.052741935483871,273.5806451612903,0.5,2018.5
Lucknow,1,180.80161290322582,,21.62532258064516,38.6910752688172,31.596129032258062,37.97752688172043,3.556075268817204,23.226783625730995,33.405806451612904,3.285393258426966,8.098361581920905,0.98,296.2043010752688,1.0,2017.5
Lucknow,2,137.43922535211266,,16.0,33.87770588235294,24.665244755244757,32.599999999999994,3.542117647058823,15.523443708609271,46.06782352941176,5.368141025641025,7.704064516129032,0.98,252.56470588235294,1.0,2017.5058823529412
Lucknow,3,104.59904191616766,,12.201827956989247,32.07505376344086,20.069870967741934,23.96322580645161,2.0262903225806452,10.388659217877095,46.25833333333333,4.013387096774194,5.634838709677419,0.98,203.7688172043011,1.0,2017.5
Lucknow,4,83.02077777777778,,10.785055555555555,36.49933333333333,17.811133333333334,26.75272727272727,1.4305,9.417222222222222,48.83744444444444,4.162584269662922,3.3034831460674154,0.98,185.32777777777778,1.0,2017.5
Lucknow,5,84.67871345029239,,8.408479532163742,29.83356725146199,13.975365853658538,21.124193548387098,1.4128654970760233,8.25608187134503,44.17333333333333,4.953372781065089,7.063431952662722,0.98,184.2258064516129,1.0,2017.5
Lucknow,6,72.0847159090909,,6.630852272727273,20.468579545454546,12.698012422360248,27.089555555555556,1.6458620689655172,6.873977272727273,36.71852272727273,2.8168,3.0291329479768785,0.98,151.31666666666666,1.0,2017.5
Lucknow,7,39.603806451612904,,8.54483870967742,20.174193548387098,13.206048387096773,21.707936507936505,2.0544736842105262,6.600128205128205,24.836322580645163,0.4548076923076923,1.4825174825174825,0.98,102.10897435897436,1.0,2017.0192307692307
Lucknow,8,41.99721854304636,,8.732980132450331,21.691721854304635,13.926576576576576,18.260483870967743,1.4791503267973856,6.511721854304636,21.48059602649007,0.6620645161290323,1.8401342281879196,0.98,98.58709677419355,1.0,2017.0
Lucknow,9,45.87513333333334,,7.670533333333333,21.131466666666665,14.023888888888889,24.81153846153846,1.7797986577181208,5.045466666666667,24.741,0.9526666666666667,2.381970802919708,0.98,105.25333333333333,1.0,2017.0
Lucknow,10,117.27896774193549,,22.334709677419355,42.567419354838705,30.440277777777776,35.90774193548387,2.1914193548387098,7.919612903225806,32.846774193548384,1.5605035971223022,3.8268115942028986,0.98,242.86451612903227,1.0,2017.0
Lucknow,11,217.75373333333334,,32.9844,55.42986666666666,37.19786206896551,38.09444444444444,2.2976666666666663,8.960866666666668,44.07853333333333,2.1624166666666667,6.084833333333333,0.98,369.5,1.0,2017.0
Lucknow,12,205.8232258064516,,28.883032258064514,47.16090322580645,39.49352,36.53602150537634,1.975032258064516,9.797677419354839,34.44980645161291,3.259324324324324,8.24222972972973,0.98,357.7483870967742,1.0,2017.0
Mumbai,1,69.3558064516129,172.68,45.759682539682544,44.91883333333333,62.19876712328767,19.264193548387098,0.8570967741935483,16.405645161290323,45.568709677419356,1.2557894736842106,0.0,0.40569892473118274,134.36021505376345,0.41397849462365593,2017.5
Mumbai,2,60.92315789473684,159.49789473684208,50.88830508474576,38.511272727272726,61.8268345323741,21.69793103448276,0.7835882352941177,15.142758620689655,51.0852380952381,1.3068263473053894,0.0,0.3458823529411765,130.27058823529413,0.35294117647058826,2017.5058823529412
Mumbai,3,31.563225806451616,113.38419354838709,36.383230769230764,19.519354838709678,57.95374193548387,16.822903225806453,0.653945945945946,13.31873015873016,47.04015625,1.0918279569892473,0.0,0.32666666666666666,116.68817204301075,0.3333333333333333,2017.5
Mumbai,4,21.771803278688523,71.82934426229508,26.14467741935484,15.245901639344263,43.979930555555555,7.562333333333333,0.5745977011494253,16.021612903225808,24.381999999999998,1.1001149425287355,0.10280701754385965,0.3948333333333333,107.4,0.36666666666666664,2017.5
Mumbai,5,16.735454545454544,61.7019512195122,24.026125,13.404875,31.644066666666664,4.161935483870968,0.5130386740331492,18.730227272727273,27.789545454545454,0.44055248618784526,0.0,0.49,98.84946236559139,0.5,2017.5
Mumbai,6,14.937555555555555,49.9664,22.267260273972603,13.52917808219178,32.05902097902098,11.397241379310344,0.4013372093023256,14.532333333333334,22.806444444444445,0.7440697674418605,0.0,0.5335555555555556,93.78333333333333,0.5444444444444444,2017.5
Mumbai,7,14.18725806451613,53.20596774193548,20.602698412698413,15.082380952380953,45.25258064516129,11.3584375,0.3388387096774193,11.22967741935484,19.595483870967744,0.6116197183098591,0.0,0.48371794871794865,98.06410256410257,0.4935897435897436,2017.0192307692307
Mumbai,8,17.554354838709674,55.950967741935486,18.379354838709677,17.281290322580645,53.45326923076924,11.93774193548387,0.3367741935483871,11.11225806451613,25.36274193548387,0.5392741935483871,0.0,0.588,98.50322580645161,0.6,2017.0
Mumbai,9,20.6425,55.217999999999996,24.0605,20.2515,44.16311111111111,12.677666666666665,0.41153333333333336,12.581333333333333,24.4225,0.6695833333333333,0.0,0.588,99.86,0.6,2017.0
Mumbai,10,40.36583333333333,99.682,30.754833333333334,26.454666666666665,65.04032967032967,15.683225806451613,0.5688888888888889,14.941,32.372,1.3905737704918033,0.0,0.588,114.09677419354838,0.6,2017.0
Mumbai,11,60.90258620689655,136.69258620689655,39.245,43.240344827586206,89.98870000000001,16.716,0.6605405405405406,17.849310344827586,41.97620689655172,2.2248275862068962,0.0,0.6010666666666666,128.14,0.6133333333333333,2017.0
Mumbai,12,73.54725806451613,158.23532258064517,38.16887096774193,47.97306451612903,86.48354838709676,19.345806451612905,0.6509677419354839,19.2971875,40.971269841269844,2.2531451612903224,0.031451612903225803,0.5992258064516128,137.86451612903227,0.6,2017.0
Patna,1,220.3712258064516,170.55387096774194,50.94722580645161,41.187483870967746,72.02774193548386,27.94193548387097,2.22341935483871,21.368,25.41774193548387,1.486774193548387,6.963032258064516,4.278709677419355,361.5032258064516,0.0,2018.0
Patna,2,137.62252032520325,169.2948275862069,39.28422764227642,41.50829268292683,63.30601626016261,31.54413793103448,1.5171544715447156,21.368292682926832,34.510487804878046,1.377560975609756,7.4036585365853655,2.654577464788732,254.57746478873239,0.13380281690140844,2018.0
Patna,3,100.16565789473684,141.55483870967743,29.52281045751634,42.48640522875817,48.7702614379085,20.394193548387097,1.5101960784313726,21.841836734693878,42.2552380952381,0.9596732026143792,5.747777777777777,1.762516129032258,220.76774193548388,0.012903225806451613,2018.0
Patna,4,71.60458646616542,99.466,24.039924812030076,26.427293233082708,27.94954887218045,12.633000000000001,1.2123357664233576,25.671804511278197,49.91819548872181,0.601897810218978,5.080583941605839,1.6498666666666666,168.24,0.08666666666666667,2018.0
Patna,5,61.91887096774193,101.17612903225806,24.50185483870968,23.366854838709678,28.663790322580645,8.005806451612903,1.0513740458015266,24.54782258064516,57.48411290322581,2.5043410852713177,18.725581395348836,6.865741935483872,157.2258064516129,0.16774193548387098,2018.0
Patna,6,49.417058823529416,62.226,20.322214765100668,35.30506756756756,31.443378378378377,5.6066666666666665,1.0698765432098765,19.62027027027027,41.6351677852349,2.0029746835443034,12.131783439490446,5.115944444444445,123.72777777777777,0.12222222222222222,2017.5
Patna,7,40.06744680851064,57.82,19.51344,35.19432,31.78304,1.14,1.281492537313433,26.796799999999998,31.40408,1.030223880597015,10.644029850746268,4.129102564102564,108.67307692307692,0.14102564102564102,2017.0192307692307
Patna,8,46.29430107526882,,20.862822580645158,34.50387096774194,31.818951612903227,,1.3324806201550388,20.55508064516129,31.217822580645162,1.1166666666666667,11.318062015503875,4.620258064516129,115.0516129032258,0.16774193548387098,2017.0
Patna,9,55.206315789473685,,23.607804878048782,38.88065040650406,36.83975609756097,,1.0837692307692306,21.347235772357724,34.801980198019805,1.9949230769230772,14.18623076923077,6.859866666666667,122.04,0.13333333333333333,2017.0
Patna,10,110.12172413793103,,25.92417808219178,32.630547945205485,41.97486301369863,,1.3375,22.117755102040817,36.94666666666667,2.620751879699248,14.154285714285715,8.02083870967742,210.41935483870967,0.14193548387096774,2017.0
Patna,11,216.89080536912752,,51.5593288590604,53.41100671140939,64.98020000000001,,2.0612,22.570671140939595,38.84828358208955,2.5001333333333333,11.928933333333333,8.3452,364.52666666666664,0.0,2017.0
Patna,12,250.4795483870968,197.3625,44.98152317880795,41.02443708609271,62.17384105960265,37.40625,2.495290322580645,18.925032258064515,22.60606299212598,1.6852903225806453,7.657870967741935,5.280645161290322,385.2774193548387,0.0,2017.0
Shillong,1,31.644827586206898,46.76826086956522,0.7632258064516129,2.4629032258064516,1.0341935483870968,2.5232258064516127,0.31870967741935485,6.962580645161291,34.76387096774194,37.67225806451613,37.61451612903225,0.98,84.54838709677419,1.0,2020.0
Shillong,2,48.66851851851852,65.76296296296296,0.8696296296296296,2.9555555555555553,1.2033333333333334,2.8122222222222226,0.4077777777777778,7.927777777777778,42.42703703703704,79.99111111111112,79.69518518518518,0.98,96.10344827586206,1.0,2020.0
Shillong,3,35.998709677419356,54.25354838709678,0.8812903225806452,2.635806451612903,1.0990322580645162,2.716774193548387,0.26548387096774195,5.367741935483871,30.48,221.82064516129032,221.74161290322579,0.98,67.87096774193549,1.0,2020.0
Shillong,4,30.162,56.948,0.882,2.56,0.15038461538461537,2.65,0.03307692307692307,8.123999999999999,21.131999999999998,0.004615384615384616,0.003461538461538461,0.98,112.36666666666666,1.0,2020.0
Shillong,5,15.963870967741935,24.50193548387097,0.9077419354838709,2.588709677419355,1.0258064516129033,2.6683870967741936,0.17451612903225808,7.854516129032258,11.278666666666668,10.337419354838708,10.394838709677419,0.98,32.45161290322581,1.0,2020.0
Shillong,6,11.35896551724138,17.307586206896552,1.0179310344827586,2.8344827586206898,1.093448275862069,3.0320689655172415,0.1617241379310345,9.599655172413792,18.17142857142857,3.160344827586207,3.3662068965517244,0.98,38.36666666666667,1.0,2020.0
Shillong,7,16.7,29.4,0.97,2.7,1.04,2.66,0.1,4.29,17.71,0.0,0.02,0.98,24.0,1.0,2020.0
Shillong,8,19.924,28.222,1.302,3.524,1.312,3.646,0.316,5.564,28.982,0.184,0.395,0.9800000000000001,52.4,1.0,2019.0
Shillong,9,79.18733333333333,93.74600000000001,1.282,3.6016666666666666,1.4333333333333333,3.649666666666667,0.2783333333333333,5.438999999999999,28.44,0.25866666666666666,0.982,0.98,48.6,1.0,2019.0
Shillong,10,19.663,29.7236,1.1455,3.55,1.1668,3.653,0.3544,6.1908,41.18,0.364,0.6152,0.98,66.38709677419355,1.0,2019.0
Shillong,11,11.41777777777778,13.245555555555557,0.604,1.891,0.645,1.967,0.156,4.316,18.037,0.305,0.348,0.98,97.26666666666667,1.0,2019.0
Shillong,12,9.376896551724139,9.8184,0.6054838709677419,1.9064516129032258,0.817741935483871,1.9625806451612902,0.18903225806451615,4.6490322580645165,24.447741935483872,0.2812903225806452,0.2593548387096774,0.98,118.0,1.0,2019.0
Talcher,1,131.27241935483872,303.5951612903226,16.37333333333333,9.191186440677965,18.27064516129032,4.256363636363637,2.1948484848484853,20.42948275862069,12.48530303030303,0.18913793103448276,,0.98,230.48387096774192,1.0,2019.0
Talcher,2,104.44282051282052,284.3976923076923,29.633717948717948,24.021176470588234,42.26730769230769,6.320384615384616,2.1367948717948715,29.243783783783783,18.29628205128205,0.005405405405405406,0.0,0.98,259.36470588235295,1.0,2019.0117647058823
Talcher,3,76.5498717948718,196.30223684210526,39.5026582278481,13.763043478260869,41.385185185185186,11.80283950617284,2.072716049382716,35.288799999999995,24.401604938271603,0.0,0.0,0.98,173.25806451612902,1.0,2019.0
Talcher,4,45.638636363636365,114.93887500000001,26.57851851851852,12.227974683544304,24.681975308641974,13.335555555555556,1.9737037037037037,38.11727272727273,34.4158024691358,0.023703703703703706,0.0,0.98,134.32222222222222,1.0,2019.0
Talcher,5,39.05703296703297,108.96120879120879,20.29824175824176,14.146703296703295,24.634285714285713,14.105824175824177,1.4803296703296704,27.81875,22.364675324675325,0.0,0.0,0.98,115.7741935483871,1.0,2019.0
Talcher,6,30.595072463768116,95.87333333333333,26.507843137254905,12.365098039215686,21.92098591549296,9.992391304347825,1.4840845070422535,29.867391304347827,17.67612244897959,0.00028169014084507044,0.0,0.98,109.34444444444445,1.0,2019.0
Talcher,7,21.628571428571426,92.82809523809524,35.310526315789474,5.013571428571429,31.18888888888889,14.078771929824562,1.6979365079365079,41.44929824561404,9.829298245614035,0.0,0.0019354838709677422,0.98,104.60317460317461,1.0,2018.5238095238096
Talcher,8,22.5304,73.22871794871796,28.22590909090909,6.831999999999999,25.613584905660378,11.731818181818182,1.7926415094339623,33.41190476190476,8.766136363636363,0.0060377358490566035,0.0,0.98,109.06451612903226,1.0,2018.5
Talcher,9,18.725384615384616,34.320540540540534,37.21923076923077,18.86918918918919,35.082857142857144,15.703414634146343,1.1214285714285714,13.029230769230768,6.763023255813954,0.8971428571428571,,0.98,85.31666666666666,1.0,2018.5
Talcher,10,36.52425,35.24767441860465,60.4453488372093,24.533793103448275,51.81465116279069,16.61258620689655,1.7613953488372092,20.587413793103448,11.788793103448276,0.07,,0.98,97.95161290322581,1.0,2018.5
Talcher,11,74.41857142857143,286.4582142857143,40.529999999999994,6.232321428571429,36.96642857142857,10.717142857142857,1.8103571428571428,29.931964285714287,12.158214285714285,0.3203846153846154,,0.98,245.61666666666667,1.0,2018.5
Talcher,12,96.18241935483871,278.5471153846154,26.488387096774193,19.231428571428573,37.83467741935484,10.72825,2.2092424242424245,18.40983870967742,12.137272727272727,0.022903225806451613,,0.98,214.71621621621622,1.0,2018.2567567567567
Thiruvananthapuram,1,54.64387096774194,85.11526881720431,4.661827956989248,15.816666666666666,12.123010752688172,9.14505376344086,0.9413978494623656,10.476989247311828,57.63752688172043,,,0.98,114.55913978494624,1.0,2019.0
Thiruvananthapuram,2,42.70809523809524,73.2927380952381,3.8060714285714283,15.799285714285716,12.86702380952381,7.760833333333333,0.8950000000000001,6.811071428571428,55.665595238095236,,,0.98,91.34117647058824,1.0,2019.0117647058823
Thiruvananthapuram,3,33.8889247311828,67.49806451612903,3.260215053763441,11.26236559139785,9.595268817204301,5.55516129032258,0.9965591397849463,5.733763440860215,48.297204301075276,,,0.98,83.0,1.0,2019.0
Thiruvananthapuram,4,23.72483146067416,49.354,3.0335555555555556,8.475111111111111,7.712000000000001,4.144666666666667,0.7564444444444445,4.745111111111111,43.129444444444445,,,0.98,69.15555555555555,1.0,2019.0
Thiruvananthapuram,5,19.500967741935483,46.74333333333333,5.338172043010752,8.549462365591397,10.125806451612902,5.491612903225806,0.7910752688172044,4.82247311827957,37.071612903225805,,,0.98,65.20430107526882,1.0,2019.0
Thiruvananthapuram,6,16.656813186813185,38.05516853932584,4.071894736842105,8.495157894736842,8.948105263157895,4.608072289156627,0.6348421052631579,4.781157894736842,22.593684210526316,,,0.9799999999999999,62.714285714285715,1.0,2018.7142857142858
Thiruvananthapuram,7,14.654615384615385,39.12097826086956,1.9970652173913042,5.8827173913043485,6.309456521739131,2.2998412698412696,0.7332608695652175,3.7479347826086955,23.645434782608696,,,0.9800000000000001,55.276595744680854,1.0,2018.0212765957447
Thiruvananthapuram,8,13.891075268817204,35.84688172043011,1.9176344086021506,5.356451612903226,4.513010752688172,1.8353225806451612,0.9553763440860215,3.627634408602151,23.576021505376346,,,0.98,63.473118279569896,1.0,2018.0
Thiruvananthapuram,9,15.782584269662923,36.61898876404494,1.9104494382022472,5.28876404494382,4.212808988764045,2.01109375,0.9219101123595506,3.7030337078651683,21.93325842696629,,,0.98,61.17777777777778,1.0,2018.0
Thiruvananthapuram,10,21.23315789473684,36.922467532467536,1.7148717948717949,5.482179487179487,3.2035483870967743,2.68,0.7033333333333333,3.2557692307692307,16.68076923076923,,,0.98,83.02150537634408,1.0,2018.0
Thiruvananthapuram,11,34.80444444444444,55.03422222222222,3.6242222222222225,9.656888888888888,7.799444444444445,4.853555555555555,1.3125555555555555,6.951999999999999,27.675333333333334,,,0.98,88.31111111111112,1.0,2018.0
Thiruvananthapuram,12,45.012159090909094,68.81263736263736,5.824505494505495,12.337472527472528,11.04879120879121,7.671978021978021,1.796043956043956,8.943626373626374,37.0889010989011,,,0.98,103.44086021505376,1.0,2018.0
Visakhapatnam,1,84.96216666666666,159.39677685950412,17.742396694214875,48.53793388429752,39.57322314049586,14.12801652892562,1.2066115702479339,12.586776859504132,65.3301652892562,4.9122314049586775,8.194793388429753,3.1319354838709677,184.2258064516129,0.024193548387096774,2018.5
Visakhapatnam,2,63.74747747747748,138.44354545454547,15.576756756756756,41.419633027522934,34.01531531531531,11.795495495495494,0.980990990990991,11.274864864864865,36.69207207207207,4.726396396396396,9.927207207207207,2.4201769911504427,143.06194690265488,0.017699115044247787,2018.513274336283
Visakhapatnam,3,38.383658536585365,95.5580487804878,10.72650406504065,32.921544715447155,25.860731707317072,10.737583333333333,0.7914634146341463,12.532764227642277,21.990650406504063,3.6891869918699185,8.922276422764227,2.0642741935483873,104.43548387096774,0.008064516129032258,2018.5
Visakhapatnam,4,24.52734693877551,75.35163265306123,12.37938775510204,27.478877551020407,20.434786324786323,9.613163265306122,0.5056410256410256,10.169183673469389,14.916938775510204,2.637350427350427,5.897692307692307,1.3793333333333335,87.525,0.025,2018.5
Visakhapatnam,5,26.888387096774192,93.53483870967742,6.926881720430108,27.22268817204301,14.938870967741936,10.938494623655913,0.3710483870967742,8.960537634408603,20.82720430107527,2.3225806451612905,5.056774193548387,1.1550806451612903,97.25806451612904,0.0,2018.5
Visakhapatnam,6,32.341264367816095,99.06852272727274,6.4675,40.03636363636363,19.609661016949154,9.482613636363636,0.4958474576271186,11.43625,27.348863636363635,3.3114406779661016,8.198559322033898,1.9181666666666668,102.49166666666666,0.016666666666666666,2018.5
Visakhapatnam,7,31.12311111111111,92.93164835164836,13.44934065934066,40.190109890109895,23.33344262295082,10.64989010989011,0.5647540983606558,13.74901098901099,18.59835164835165,3.968677685950413,8.796115702479339,3.06536,102.56,0.032,2017.52
Visakhapatnam,8,33.07767441860465,89.77227272727272,14.487816091954024,32.660919540229884,20.552203389830506,11.221807228915662,0.6301680672268907,18.56159090909091,20.06873563218391,4.1376470588235295,10.307058823529411,3.706048387096774,101.87096774193549,0.04032258064516129,2017.5
Visakhapatnam,9,35.90523255813953,83.25837209302325,17.335348837209303,33.972325581395346,23.22939655172414,8.311868131868131,0.6233620689655173,14.507674418604653,26.75627906976744,3.6246551724137928,9.053275862068967,3.5300833333333332,101.41666666666667,0.03333333333333333,2017.5
Visakhapatnam,10,46.07676190476191,99.2275238095238,14.598396226415096,42.62488888888889,26.44603305785124,10.341570247933884,0.6600826446280992,15.4588679245283,36.697941176470586,3.964628099173554,8.974793388429752,3.8814516129032257,117.25806451612904,0.024193548387096774,2017.5
Visakhapatnam,11,57.28252252252252,103.72252252252252,10.33609090909091,35.54141509433962,24.91009009009009,10.55809090909091,0.9795495495495495,11.151891891891891,62.78603603603604,4.738468468468469,9.128648648648648,3.4539166666666663,123.95833333333333,0.075,2017.5
Visakhapatnam,12,67.42557377049181,119.4342857142857,11.931639344262296,40.52016393442623,30.346065573770492,12.624344262295082,1.0638333333333334,12.388319327731093,76.4488524590164,4.774098360655739,8.000737704918032,3.1613709677419353,143.56451612903226,0.016129032258064516,2017.5
